id,name,user_id,date_created
27,Vocabulary,6,2018-11-01 01:28:23.619397
29,Numbers,6,2018-11-06 18:16:28.797452
35,Indirect Object Pronouns,6,2018-11-10 00:10:56.009153
36,Reflexive Pronouns,6,2018-11-10 00:10:56.009153
37,Possessive Pronouns,6,2018-11-10 00:10:56.009153
38,Possessive Adjectives,6,2018-11-10 00:10:56.009153
39,Difficult Verbs,6,2018-11-17 04:33:19.604381
41,First List,9,2018-11-18 00:50:08.121577
42,Times and Dates,6,2018-11-18 01:27:55.480262
43,Prepositions,6,2018-11-18 01:27:55.480262
44,Similarities,6,2018-11-18 21:22:51.167890
45,Body,6,2018-11-18 21:22:51.167890
